{
    "Intrinsic": [
        [
            613.3499938530526,
            0.0,
            160.32398652061948
        ],
        [
            0.0,
            614.0684642169308,
            286.7398943601238
        ],
        [
            0.0,
            0.0,
            1.0
        ]
    ],
    "DistortionCoefficients": [
        -0.3920205084279854,
        0.9215846275775117,
        -0.009462682322460073,
        -0.003444228917479286,
        0.0
    ]
}