{
    "Rotation": [
        [
            0.9763344428320264,
            0.0803377387163797,
            0.2007906956953314
        ],
        [
            -0.0692992469357763,
            0.9957031433372232,
            -0.06142364953751381
        ],
        [
            -0.20486256396426059,
            0.046055380644521096,
            0.9777066184698134
        ]
    ],
    "Translation": [
        -8.314211139008027,
        4.3974514523539225,
        -7.471011472269958
    ],
    "Alpha": 0.013108375945105851,
    "Dimensions": [
        18,
        18
    ]
}